{
  "feature_id": 15747,
  "annot_type": "Domain: RNase H type-2",
  "auprc_mean": 0.9765920120360304,
  "odds_ratio": 25.132335184737983,
  "fisher_p": 2.724765588722277e-103,
  "n_proteins": 50,
  "pc_top_property": "disorder_prop",
  "pc_top_cohen_d": -0.26744436197714494,
  "pc_n_strong": 2,
  "abl_mean_contrast": 0.31687327394261955,
  "abl_frac_positive": 1.0,
  "abl_mean_cohen_d": 1.9061921452162542,
  "abl_structural_align": 0.02625982740197022,
  "logit_mean_contrast": NaN,
  "logit_frac_positive": NaN,
  "conv_n_features": 10,
  "conv_top_auprc": 0.9696694635589449
}